year,team_qid,team_name,final_position,stage_reached,source_url,notes,brand,brand_name,brand_name_normalized,has_brand,is_champion,is_runner_up,is_top4,is_top8,is_top16,stage_norm
1970,Q155,Brazil,1,Final,https://www.thesoccerworldcups.com/world_cups/1970_final_standings.php,Final standings (all teams),athleta,Athleta,athleta,True,True,False,True,True,True,final
1970,Q38,Italy,2,Final,https://www.thesoccerworldcups.com/world_cups/1970_final_standings.php,Final standings (all teams),landoni,Landoni,landoni,True,False,True,True,True,True,final
1970,Q183,West Germany,3,Third place match,https://www.thesoccerworldcups.com/world_cups/1970_final_standings.php,Final standings (all teams),umbro,Umbro,umbro,True,False,False,True,True,True,third place match
1970,Q13393,Uruguay,4,Third place match,https://www.thesoccerworldcups.com/world_cups/1970_final_standings.php,Final standings (all teams),sanz hermanos,Sanz Hermanos,sanz hermanos,True,False,False,True,True,True,third place match
1970,Q15180,Soviet Union,5,Quarter-finals,https://www.thesoccerworldcups.com/world_cups/1970_final_standings.php,Historical team (Soviet Union); final standings (all teams),olimpiada,Olimpiada,olimpiada,True,False,False,False,True,True,quarter-finals
1970,Q96,Mexico,6,Quarter-finals,https://www.thesoccerworldcups.com/world_cups/1970_final_standings.php,Final standings (all teams),rigg,Rigg,rigg,True,False,False,False,True,True,quarter-finals
1970,Q419,Peru,7,Quarter-finals,https://www.thesoccerworldcups.com/world_cups/1970_final_standings.php,Final standings (all teams),in-house,In-House,in-house,True,False,False,False,True,True,quarter-finals
1970,Q21,England,8,Quarter-finals,https://www.thesoccerworldcups.com/world_cups/1970_final_standings.php,Final standings (all teams),umbro,Umbro,umbro,True,False,False,False,True,True,quarter-finals
1970,Q34,Sweden,9,Group stage,https://www.thesoccerworldcups.com/world_cups/1970_final_standings.php,Final standings (all teams),umbro,Umbro,umbro,True,False,False,False,False,True,group stage
1970,Q31,Belgium,10,Group stage,https://www.thesoccerworldcups.com/world_cups/1970_final_standings.php,Final standings (all teams),umbro,Umbro,umbro,True,False,False,False,False,True,group stage
1970,Q218,Romania,11,Group stage,https://www.thesoccerworldcups.com/world_cups/1970_final_standings.php,Final standings (all teams),in-house,In-House,in-house,True,False,False,False,False,True,group stage
1970,Q801,Israel,12,Group stage,https://www.thesoccerworldcups.com/world_cups/1970_final_standings.php,Final standings (all teams),umbro,Umbro,umbro,True,False,False,False,False,True,group stage
1970,Q219,Bulgaria,13,Group stage,https://www.thesoccerworldcups.com/world_cups/1970_final_standings.php,Final standings (all teams),in-house,In-House,in-house,True,False,False,False,False,True,group stage
1970,Q1028,Morocco,14,Group stage,https://www.thesoccerworldcups.com/world_cups/1970_final_standings.php,Final standings (all teams),in-house,In-House,in-house,True,False,False,False,False,True,group stage
1970,Q33946,Czechoslovakia,15,Group stage,https://www.thesoccerworldcups.com/world_cups/1970_final_standings.php,Historical team (Czechoslovakia); final standings (all teams),in-house,In-House,in-house,True,False,False,False,False,True,group stage
1970,Q792,El Salvador,16,Group stage,https://www.thesoccerworldcups.com/world_cups/1970_final_standings.php,Final standings (all teams),in-house,In-House,in-house,True,False,False,False,False,True,group stage
1974,Q183,West Germany,1,Final,https://www.thesoccerworldcups.com/world_cups/1974_final_standings.php,Final standings (all teams),erima,Erima,erima,True,True,False,True,True,True,final
1974,Q55,Netherlands,2,Final,https://www.thesoccerworldcups.com/world_cups/1974_final_standings.php,Final standings (all teams),adidas,Adidas,adidas,True,False,True,True,True,True,final
1974,Q36,Poland,3,Third place match,https://www.thesoccerworldcups.com/world_cups/1974_final_standings.php,Final standings (all teams),adidas,Adidas,adidas,True,False,False,True,True,True,third place match
1974,Q155,Brazil,4,Third place match,https://www.thesoccerworldcups.com/world_cups/1974_final_standings.php,Final standings (all teams),athleta,Athleta,athleta,True,False,False,True,True,True,third place match
1974,Q34,Sweden,5,Second round,https://www.thesoccerworldcups.com/world_cups/1974_final_standings.php,Second group stage format in 1974,adidas,Adidas,adidas,True,False,False,False,True,True,second round
1974,Q169998,East Germany,6,Second round,https://www.thesoccerworldcups.com/world_cups/1974_final_standings.php,Historical team (East Germany); second group stage format,in-house,In-House,in-house,True,False,False,False,True,True,second round
1974,Q36704,Yugoslavia,7,Second round,https://www.thesoccerworldcups.com/world_cups/1974_final_standings.php,Historical team (Yugoslavia); second group stage format,adidas,Adidas,adidas,True,False,False,False,True,True,second round
1974,Q414,Argentina,8,Second round,https://www.thesoccerworldcups.com/world_cups/1974_final_standings.php,Second group stage format in 1974,adidas,Adidas,adidas,True,False,False,False,True,True,second round
1974,Q22,Scotland,9,Group stage,https://www.thesoccerworldcups.com/world_cups/1974_final_standings.php,Final standings (all teams),umbro,Umbro,umbro,True,False,False,False,False,True,group stage
1974,Q38,Italy,10,Group stage,https://www.thesoccerworldcups.com/world_cups/1974_final_standings.php,Final standings (all teams),landoni,Landoni,landoni,True,False,False,False,False,True,group stage
1974,Q298,Chile,11,Group stage,https://www.thesoccerworldcups.com/world_cups/1974_final_standings.php,Final standings (all teams),kopa,KoPa,kopa,True,False,False,False,False,True,group stage
1974,Q219,Bulgaria,12,Group stage,https://www.thesoccerworldcups.com/world_cups/1974_final_standings.php,Final standings (all teams),adidas,Adidas,adidas,True,False,False,False,False,True,group stage
1974,Q13393,Uruguay,13,Group stage,https://www.thesoccerworldcups.com/world_cups/1974_final_standings.php,Final standings (all teams),adidas,Adidas,adidas,True,False,False,False,False,True,group stage
1974,Q408,Australia,14,Group stage,https://www.thesoccerworldcups.com/world_cups/1974_final_standings.php,Final standings (all teams),umbro,Umbro,umbro,True,False,False,False,False,True,group stage
1974,Q790,Haiti,15,Group stage,https://www.thesoccerworldcups.com/world_cups/1974_final_standings.php,Final standings (all teams),adidas,Adidas,adidas,True,False,False,False,False,True,group stage
1974,Q115,Zaire,16,Group stage,https://www.thesoccerworldcups.com/world_cups/1974_final_standings.php,Team listed as Zaire (now DR Congo),adidas,Adidas,adidas,True,False,False,False,False,True,group stage
1978,Q414,Argentina,1,Final,https://www.thesoccerworldcups.com/world_cups/1978_final_standings.php,Final standings (all teams),adidas,Adidas,adidas,True,True,False,True,True,True,final
1978,Q55,Netherlands,2,Final,https://www.thesoccerworldcups.com/world_cups/1978_final_standings.php,Final standings (all teams),adidas,Adidas,adidas,True,False,True,True,True,True,final
1978,Q155,Brazil,3,Third place match,https://www.thesoccerworldcups.com/world_cups/1978_final_standings.php,Final standings (all teams),adidas,Adidas,adidas,True,False,False,True,True,True,third place match
1978,Q38,Italy,4,Third place match,https://www.thesoccerworldcups.com/world_cups/1978_final_standings.php,Final standings (all teams),baila,Baila,baila,True,False,False,True,True,True,third place match
1978,Q36,Poland,5,Second round,https://www.thesoccerworldcups.com/world_cups/1978_final_standings.php,Second group stage format in 1978,adidas,Adidas,adidas,True,False,False,False,True,True,second round
1978,Q183,West Germany,6,Second round,https://www.thesoccerworldcups.com/world_cups/1978_final_standings.php,Second group stage format in 1978,erima,Erima,erima,True,False,False,False,True,True,second round
1978,Q40,Austria,7,Second round,https://www.thesoccerworldcups.com/world_cups/1978_final_standings.php,Second group stage format in 1978,puma,Puma,puma,True,False,False,False,True,True,second round
1978,Q419,Peru,8,Second round,https://www.thesoccerworldcups.com/world_cups/1978_final_standings.php,Second group stage format in 1978,adidas,Adidas,adidas,True,False,False,False,True,True,second round
1978,Q948,Tunisia,9,Group stage,https://www.thesoccerworldcups.com/world_cups/1978_final_standings.php,Final standings (all teams),adidas,Adidas,adidas,True,False,False,False,False,True,group stage
1978,Q29,Spain,10,Group stage,https://www.thesoccerworldcups.com/world_cups/1978_final_standings.php,Final standings (all teams),deportes cóndor,Deportes Cóndor,deportes cóndor,True,False,False,False,False,True,group stage
1978,Q22,Scotland,11,Group stage,https://www.thesoccerworldcups.com/world_cups/1978_final_standings.php,Final standings (all teams),umbro,Umbro,umbro,True,False,False,False,False,True,group stage
1978,Q142,France,12,Group stage,https://www.thesoccerworldcups.com/world_cups/1978_final_standings.php,Final standings (all teams),adidas,Adidas,adidas,True,False,False,False,False,True,group stage
1978,Q34,Sweden,13,Group stage,https://www.thesoccerworldcups.com/world_cups/1978_final_standings.php,Final standings (all teams),adidas,Adidas,adidas,True,False,False,False,False,True,group stage
1978,Q794,Iran,14,Group stage,https://www.thesoccerworldcups.com/world_cups/1978_final_standings.php,Final standings (all teams),adidas,Adidas,adidas,True,False,False,False,False,True,group stage
1978,Q189,Hungary,15,Group stage,https://www.thesoccerworldcups.com/world_cups/1978_final_standings.php,Final standings (all teams),adidas,Adidas,adidas,True,False,False,False,False,True,group stage
1978,Q96,Mexico,16,Group stage,https://www.thesoccerworldcups.com/world_cups/1978_final_standings.php,Final standings (all teams),levi’s,Levi’s,levi’s,True,False,False,False,False,True,group stage
1982,Q38,Italy,1,Final,https://www.thesoccerworldcups.com/world_cups/1982_final_standings.php,Final standings (all teams),le coq sportif,Le Coq Sportif,le coq sportif,True,True,False,True,True,True,final
1982,Q183,West Germany,2,Final,https://www.thesoccerworldcups.com/world_cups/1982_final_standings.php,Final standings (all teams),adidas,Adidas,adidas,True,False,True,True,True,True,final
1982,Q36,Poland,3,Third place match,https://www.thesoccerworldcups.com/world_cups/1982_final_standings.php,Final standings (all teams),adidas,Adidas,adidas,True,False,False,True,True,True,third place match
1982,Q142,France,4,Third place match,https://www.thesoccerworldcups.com/world_cups/1982_final_standings.php,Final standings (all teams),adidas,Adidas,adidas,True,False,False,True,True,True,third place match
1982,Q155,Brazil,5,Second round,https://www.thesoccerworldcups.com/world_cups/1982_final_standings.php,Second group stage format in 1982,topper,Topper,topper,True,False,False,False,True,True,second round
1982,Q21,England,6,Second round,https://www.thesoccerworldcups.com/world_cups/1982_final_standings.php,Second group stage format in 1982,admiral,Admiral,admiral,True,False,False,False,True,True,second round
1982,Q15180,Soviet Union,7,Second round,https://www.thesoccerworldcups.com/world_cups/1982_final_standings.php,Historical team (Soviet Union); second group stage format,adidas,Adidas,adidas,True,False,False,False,True,True,second round
1982,Q40,Austria,8,Second round,https://www.thesoccerworldcups.com/world_cups/1982_final_standings.php,Second group stage format in 1982,puma,Puma,puma,True,False,False,False,True,True,second round
1982,Q106647,Northern Ireland,9,Second round,https://www.thesoccerworldcups.com/world_cups/1982_final_standings.php,Second group stage format in 1982,adidas,Adidas,adidas,True,False,False,False,False,True,second round
1982,Q31,Belgium,10,Second round,https://www.thesoccerworldcups.com/world_cups/1982_final_standings.php,Second group stage format in 1982,admiral,Admiral,admiral,True,False,False,False,False,True,second round
1982,Q414,Argentina,11,Second round,https://www.thesoccerworldcups.com/world_cups/1982_final_standings.php,Final standings (all teams),le coq sportif,Le Coq Sportif,le coq sportif,True,False,False,False,False,True,second round
1982,Q29,Spain,12,Second round,https://www.thesoccerworldcups.com/world_cups/1982_final_standings.php,Final standings (all teams),adidas,Adidas,adidas,True,False,False,False,False,True,second round
1982,Q262,Algeria,13,Group stage,https://www.thesoccerworldcups.com/world_cups/1982_final_standings.php,Final standings (all teams),,,,False,False,False,False,False,True,group stage
1982,Q189,Hungary,14,Group stage,https://www.thesoccerworldcups.com/world_cups/1982_final_standings.php,Final standings (all teams),adidas,Adidas,adidas,True,False,False,False,False,True,group stage
1982,Q22,Scotland,15,Group stage,https://www.thesoccerworldcups.com/world_cups/1982_final_standings.php,Final standings (all teams),umbro,Umbro,umbro,True,False,False,False,False,True,group stage
1982,Q36704,Yugoslavia,16,Group stage,https://www.thesoccerworldcups.com/world_cups/1982_final_standings.php,Historical team (Yugoslavia),adidas,Adidas,adidas,True,False,False,False,False,True,group stage
1982,Q970,Cameroon,17,Group stage,https://www.thesoccerworldcups.com/world_cups/1982_final_standings.php,Final standings (all teams),le coq sportif,Le Coq Sportif,le coq sportif,True,False,False,False,False,False,group stage
1982,Q783,Honduras,18,Group stage,https://www.thesoccerworldcups.com/world_cups/1982_final_standings.php,Final standings (all teams),adidas,Adidas,adidas,True,False,False,False,False,False,group stage
1982,Q33946,Czechoslovakia,19,Group stage,https://www.thesoccerworldcups.com/world_cups/1982_final_standings.php,Historical team (Czechoslovakia),adidas,Adidas,adidas,True,False,False,False,False,False,group stage
1982,Q419,Peru,20,Group stage,https://www.thesoccerworldcups.com/world_cups/1982_final_standings.php,Final standings (all teams),penalty,Penalty,penalty,True,False,False,False,False,False,group stage
1982,Q831,Kuwait,21,Group stage,https://www.thesoccerworldcups.com/world_cups/1982_final_standings.php,Final standings (all teams),puma,Puma,puma,True,False,False,False,False,False,group stage
1982,Q298,Chile,22,Group stage,https://www.thesoccerworldcups.com/world_cups/1982_final_standings.php,Final standings (all teams),adidas,Adidas,adidas,True,False,False,False,False,False,group stage
1982,Q664,New Zealand,23,Group stage,https://www.thesoccerworldcups.com/world_cups/1982_final_standings.php,Final standings (all teams),adidas,Adidas,adidas,True,False,False,False,False,False,group stage
1982,Q792,El Salvador,24,Group stage,https://www.thesoccerworldcups.com/world_cups/1982_final_standings.php,Final standings (all teams),adidas,Adidas,adidas,True,False,False,False,False,False,group stage
1986,Q414,Argentina,1,Final,https://www.thesoccerworldcups.com/world_cups/1986_final_standings.php,Final standings (all teams),le coq sportif,Le Coq Sportif,le coq sportif,True,True,False,True,True,True,final
1986,Q183,West Germany,2,Final,https://www.thesoccerworldcups.com/world_cups/1986_final_standings.php,Final standings (all teams),adidas,Adidas,adidas,True,False,True,True,True,True,final
1986,Q142,France,3,Third place match,https://www.thesoccerworldcups.com/world_cups/1986_final_standings.php,Final standings (all teams),adidas,Adidas,adidas,True,False,False,True,True,True,third place match
1986,Q31,Belgium,4,Third place match,https://www.thesoccerworldcups.com/world_cups/1986_final_standings.php,Final standings (all teams),adidas,Adidas,adidas,True,False,False,True,True,True,third place match
1986,Q155,Brazil,5,Quarter-finals,https://www.thesoccerworldcups.com/world_cups/1986_final_standings.php,Final standings (all teams),topper,Topper,topper,True,False,False,False,True,True,quarter-finals
1986,Q96,Mexico,6,Quarter-finals,https://www.thesoccerworldcups.com/world_cups/1986_final_standings.php,Final standings (all teams),adidas,Adidas,adidas,True,False,False,False,True,True,quarter-finals
1986,Q29,Spain,7,Quarter-finals,https://www.thesoccerworldcups.com/world_cups/1986_final_standings.php,Final standings (all teams),le coq sportif,Le Coq Sportif,le coq sportif,True,False,False,False,True,True,quarter-finals
1986,Q21,England,8,Quarter-finals,https://www.thesoccerworldcups.com/world_cups/1986_final_standings.php,Final standings (all teams),umbro,Umbro,umbro,True,False,False,False,True,True,quarter-finals
1986,Q35,Denmark,9,Round of 16,https://www.thesoccerworldcups.com/world_cups/1986_final_standings.php,Final standings (all teams),hummel,Hummel,hummel,True,False,False,False,False,True,round of 16
1986,Q15180,Soviet Union,10,Round of 16,https://www.thesoccerworldcups.com/world_cups/1986_final_standings.php,Historical team (Soviet Union); final standings (all teams),adidas,Adidas,adidas,True,False,False,False,False,True,round of 16
1986,Q1028,Morocco,11,Round of 16,https://www.thesoccerworldcups.com/world_cups/1986_final_standings.php,Final standings (all teams),adidas,Adidas,adidas,True,False,False,False,False,True,round of 16
1986,Q38,Italy,12,Round of 16,https://www.thesoccerworldcups.com/world_cups/1986_final_standings.php,Final standings (all teams),diadora,Diadora,diadora,True,False,False,False,False,True,round of 16
1986,Q733,Paraguay,13,Round of 16,https://www.thesoccerworldcups.com/world_cups/1986_final_standings.php,Final standings (all teams),rainha,Rainha,rainha,True,False,False,False,False,True,round of 16
1986,Q36,Poland,14,Round of 16,https://www.thesoccerworldcups.com/world_cups/1986_final_standings.php,Final standings (all teams),adidas,Adidas,adidas,True,False,False,False,False,True,round of 16
1986,Q219,Bulgaria,15,Round of 16,https://www.thesoccerworldcups.com/world_cups/1986_final_standings.php,Final standings (all teams),adidas,Adidas,adidas,True,False,False,False,False,True,round of 16
1986,Q13393,Uruguay,16,Round of 16,https://www.thesoccerworldcups.com/world_cups/1986_final_standings.php,Final standings (all teams),le coq sportif,Le Coq Sportif,le coq sportif,True,False,False,False,False,True,round of 16
1986,Q5140,Portugal,17,Group stage,https://www.thesoccerworldcups.com/world_cups/1986_final_standings.php,Final standings (all teams),adidas,Adidas,adidas,True,False,False,False,False,False,group stage
1986,Q189,Hungary,18,Group stage,https://www.thesoccerworldcups.com/world_cups/1986_final_standings.php,Final standings (all teams),adidas,Adidas,adidas,True,False,False,False,False,False,group stage
1986,Q22,Scotland,19,Group stage,https://www.thesoccerworldcups.com/world_cups/1986_final_standings.php,Final standings (all teams),umbro,Umbro,umbro,True,False,False,False,False,False,group stage
1986,Q884,Korea Republic,20,Group stage,https://www.thesoccerworldcups.com/world_cups/1986_final_standings.php,Final standings (all teams),weekend,Weekend,weekend,True,False,False,False,False,False,group stage
1986,Q106647,Northern Ireland,21,Group stage,https://www.thesoccerworldcups.com/world_cups/1986_final_standings.php,Final standings (all teams),adidas,Adidas,adidas,True,False,False,False,False,False,group stage
1986,Q262,Algeria,22,Group stage,https://www.thesoccerworldcups.com/world_cups/1986_final_standings.php,Final standings (all teams),,,,False,False,False,False,False,False,group stage
1986,Q796,Iraq,23,Group stage,https://www.thesoccerworldcups.com/world_cups/1986_final_standings.php,Final standings (all teams),adidas,Adidas,adidas,True,False,False,False,False,False,group stage
1986,Q241,Canada,24,Group stage,https://www.thesoccerworldcups.com/world_cups/1986_final_standings.php,Final standings (all teams),adidas,Adidas,adidas,True,False,False,False,False,False,group stage
1990,Q183,West Germany,1,Final,https://www.thesoccerworldcups.com/world_cups/1990_final_standings.php,Final standings (all teams),adidas,Adidas,adidas,True,True,False,True,True,True,final
1990,Q414,Argentina,2,Final,https://www.thesoccerworldcups.com/world_cups/1990_final_standings.php,Final standings (all teams),adidas,Adidas,adidas,True,False,True,True,True,True,final
1990,Q38,Italy,3,Third place match,https://www.thesoccerworldcups.com/world_cups/1990_final_standings.php,Final standings (all teams),diadora,Diadora,diadora,True,False,False,True,True,True,third place match
1990,Q21,England,4,Third place match,https://www.thesoccerworldcups.com/world_cups/1990_final_standings.php,Final standings (all teams),umbro,Umbro,umbro,True,False,False,True,True,True,third place match
1990,Q36704,Yugoslavia,5,Quarter-finals,https://www.thesoccerworldcups.com/world_cups/1990_final_standings.php,Historical team (Yugoslavia); final standings (all teams),umbro,Umbro,umbro,True,False,False,False,True,True,quarter-finals
1990,Q33946,Czechoslovakia,6,Quarter-finals,https://www.thesoccerworldcups.com/world_cups/1990_final_standings.php,Historical team (Czechoslovakia); final standings (all teams),adidas,Adidas,adidas,True,False,False,False,True,True,quarter-finals
1990,Q970,Cameroon,7,Quarter-finals,https://www.thesoccerworldcups.com/world_cups/1990_final_standings.php,Final standings (all teams),lotto,Lotto,lotto,True,False,False,False,True,True,quarter-finals
1990,Q27,Republic of Ireland,8,Quarter-finals,https://www.thesoccerworldcups.com/world_cups/1990_final_standings.php,Final standings (all teams),adidas,Adidas,adidas,True,False,False,False,True,True,quarter-finals
1990,Q155,Brazil,9,Round of 16,https://www.thesoccerworldcups.com/world_cups/1990_final_standings.php,Final standings (all teams),adidas,Adidas,adidas,True,False,False,False,False,True,round of 16
1990,Q29,Spain,10,Round of 16,https://www.thesoccerworldcups.com/world_cups/1990_final_standings.php,Final standings (all teams),adidas,Adidas,adidas,True,False,False,False,False,True,round of 16
1990,Q31,Belgium,11,Round of 16,https://www.thesoccerworldcups.com/world_cups/1990_final_standings.php,Final standings (all teams),le coq sportif,Le Coq Sportif,le coq sportif,True,False,False,False,False,True,round of 16
1990,Q218,Romania,12,Round of 16,https://www.thesoccerworldcups.com/world_cups/1990_final_standings.php,Final standings (all teams),adidas,Adidas,adidas,True,False,False,False,False,True,round of 16
1990,Q800,Costa Rica,13,Round of 16,https://www.thesoccerworldcups.com/world_cups/1990_final_standings.php,Final standings (all teams),topper,Topper,topper,True,False,False,False,False,True,round of 16
1990,Q739,Colombia,14,Round of 16,https://www.thesoccerworldcups.com/world_cups/1990_final_standings.php,Final standings (all teams),diadora,Diadora,diadora,True,False,False,False,False,True,round of 16
1990,Q55,Netherlands,15,Round of 16,https://www.thesoccerworldcups.com/world_cups/1990_final_standings.php,Final standings (all teams),adidas,Adidas,adidas,True,False,False,False,False,True,round of 16
1990,Q13393,Uruguay,16,Round of 16,https://www.thesoccerworldcups.com/world_cups/1990_final_standings.php,Final standings (all teams),adidas,Adidas,adidas,True,False,False,False,False,True,round of 16
1990,Q15180,Soviet Union,17,Group stage,https://www.thesoccerworldcups.com/world_cups/1990_final_standings.php,Historical team (Soviet Union); final standings (all teams),adidas,Adidas,adidas,True,False,False,False,False,False,group stage
1990,Q40,Austria,18,Group stage,https://www.thesoccerworldcups.com/world_cups/1990_final_standings.php,Final standings show Austria tied with Scotland on ranking/points,puma,Puma,puma,True,False,False,False,False,False,group stage
1990,Q22,Scotland,18,Group stage,https://www.thesoccerworldcups.com/world_cups/1990_final_standings.php,Final standings show Scotland tied with Austria on ranking/points,umbro,Umbro,umbro,True,False,False,False,False,False,group stage
1990,Q79,Egypt,20,Group stage,https://www.thesoccerworldcups.com/world_cups/1990_final_standings.php,Final standings (all teams),umbro,Umbro,umbro,True,False,False,False,False,False,group stage
1990,Q34,Sweden,21,Group stage,https://www.thesoccerworldcups.com/world_cups/1990_final_standings.php,Final standings (all teams),adidas,Adidas,adidas,True,False,False,False,False,False,group stage
1990,Q884,Korea Republic,22,Group stage,https://www.thesoccerworldcups.com/world_cups/1990_final_standings.php,Final standings (all teams),reebok,Reebok,reebok,True,False,False,False,False,False,group stage
1990,Q30,United States,23,Group stage,https://www.thesoccerworldcups.com/world_cups/1990_final_standings.php,Final standings (all teams),adidas,Adidas,adidas,True,False,False,False,False,False,group stage
1990,Q878,United Arab Emirates,24,Group stage,https://www.thesoccerworldcups.com/world_cups/1990_final_standings.php,Final standings (all teams),umbro,Umbro,umbro,True,False,False,False,False,False,group stage
1994,Q155,Brazil,1,Final,https://www.thesoccerworldcups.com/world_cups/1994_final_standings.php,Final standings (all teams),umbro,Umbro,umbro,True,True,False,True,True,True,final
1994,Q38,Italy,2,Final,https://www.thesoccerworldcups.com/world_cups/1994_final_standings.php,Final standings (all teams),diadora,Diadora,diadora,True,False,True,True,True,True,final
1994,Q34,Sweden,3,Third place match,https://www.thesoccerworldcups.com/world_cups/1994_final_standings.php,Final standings (all teams),adidas,Adidas,adidas,True,False,False,True,True,True,third place match
1994,Q219,Bulgaria,4,Third place match,https://www.thesoccerworldcups.com/world_cups/1994_final_standings.php,Final standings (all teams),adidas,Adidas,adidas,True,False,False,True,True,True,third place match
1994,Q183,Germany,5,Quarter-finals,https://www.thesoccerworldcups.com/world_cups/1994_final_standings.php,Final standings (all teams),adidas,Adidas,adidas,True,False,False,False,True,True,quarter-finals
1994,Q218,Romania,6,Quarter-finals,https://www.thesoccerworldcups.com/world_cups/1994_final_standings.php,Final standings (all teams),adidas,Adidas,adidas,True,False,False,False,True,True,quarter-finals
1994,Q55,Netherlands,7,Quarter-finals,https://www.thesoccerworldcups.com/world_cups/1994_final_standings.php,Final standings (all teams),lotto,Lotto,lotto,True,False,False,False,True,True,quarter-finals
1994,Q29,Spain,8,Quarter-finals,https://www.thesoccerworldcups.com/world_cups/1994_final_standings.php,Final standings (all teams),adidas,Adidas,adidas,True,False,False,False,True,True,quarter-finals
1994,Q1033,Nigeria,9,Round of 16,https://www.thesoccerworldcups.com/world_cups/1994_final_standings.php,Final standings (all teams),adidas,Adidas,adidas,True,False,False,False,False,True,round of 16
1994,Q414,Argentina,10,Round of 16,https://www.thesoccerworldcups.com/world_cups/1994_final_standings.php,Final standings (all teams),adidas,Adidas,adidas,True,False,False,False,False,True,round of 16
1994,Q31,Belgium,11,Round of 16,https://www.thesoccerworldcups.com/world_cups/1994_final_standings.php,Final standings (all teams),diadora,Diadora,diadora,True,False,False,False,False,True,round of 16
1994,Q851,Saudi Arabia,12,Round of 16,https://www.thesoccerworldcups.com/world_cups/1994_final_standings.php,Final standings (all teams),shamel,Shamel,shamel,True,False,False,False,False,True,round of 16
1994,Q96,Mexico,13,Round of 16,https://www.thesoccerworldcups.com/world_cups/1994_final_standings.php,Final standings (all teams),umbro,Umbro,umbro,True,False,False,False,False,True,round of 16
1994,Q30,United States,14,Round of 16,https://www.thesoccerworldcups.com/world_cups/1994_final_standings.php,Final standings (all teams),adidas,Adidas,adidas,True,False,False,False,False,True,round of 16
1994,Q39,Switzerland,15,Round of 16,https://www.thesoccerworldcups.com/world_cups/1994_final_standings.php,Final standings (all teams),lotto,Lotto,lotto,True,False,False,False,False,True,round of 16
1994,Q27,Republic of Ireland,16,Round of 16,https://www.thesoccerworldcups.com/world_cups/1994_final_standings.php,Final standings (all teams),adidas,Adidas,adidas,True,False,False,False,False,True,round of 16
1994,Q20,Norway,17,Group stage,https://www.thesoccerworldcups.com/world_cups/1994_final_standings.php,Final standings (all teams),adidas,Adidas,adidas,True,False,False,False,False,False,group stage
1994,Q159,Russia,18,Group stage,https://www.thesoccerworldcups.com/world_cups/1994_final_standings.php,Final standings (all teams),reebok,Reebok,reebok,True,False,False,False,False,False,group stage
1994,Q739,Colombia,19,Group stage,https://www.thesoccerworldcups.com/world_cups/1994_final_standings.php,Final standings (all teams),umbro,Umbro,umbro,True,False,False,False,False,False,group stage
1994,Q884,Korea Republic,20,Group stage,https://www.thesoccerworldcups.com/world_cups/1994_final_standings.php,Final standings (all teams),rapido,Rapido,rapido,True,False,False,False,False,False,group stage
1994,Q750,Bolivia,21,Group stage,https://www.thesoccerworldcups.com/world_cups/1994_final_standings.php,Final standings (all teams),umbro,Umbro,umbro,True,False,False,False,False,False,group stage
1994,Q970,Cameroon,22,Group stage,https://www.thesoccerworldcups.com/world_cups/1994_final_standings.php,Final standings (all teams),mitre,Mitre,mitre,True,False,False,False,False,False,group stage
1994,Q1028,Morocco,23,Group stage,https://www.thesoccerworldcups.com/world_cups/1994_final_standings.php,Final standings (all teams),lotto,Lotto,lotto,True,False,False,False,False,False,group stage
1994,Q41,Greece,24,Group stage,https://www.thesoccerworldcups.com/world_cups/1994_final_standings.php,Final standings (all teams),diadora,Diadora,diadora,True,False,False,False,False,False,group stage
1998,Q142,France,1,Final,https://www.thesoccerworldcups.com/world_cups/1998_final_standings.php,Final standings (all teams),adidas,Adidas,adidas,True,True,False,True,True,True,final
1998,Q155,Brazil,2,Final,https://www.thesoccerworldcups.com/world_cups/1998_final_standings.php,Final standings (all teams),nike,Nike,nike,True,False,True,True,True,True,final
1998,Q223,Croatia,3,Third place match,https://www.thesoccerworldcups.com/world_cups/1998_final_standings.php,Final standings (all teams),lotto,Lotto,lotto,True,False,False,True,True,True,third place match
1998,Q55,Netherlands,4,Third place match,https://www.thesoccerworldcups.com/world_cups/1998_final_standings.php,Final standings (all teams),nike,Nike,nike,True,False,False,True,True,True,third place match
1998,Q38,Italy,5,Quarter-finals,https://www.thesoccerworldcups.com/world_cups/1998_final_standings.php,Final standings (all teams),nike,Nike,nike,True,False,False,False,True,True,quarter-finals
1998,Q414,Argentina,6,Quarter-finals,https://www.thesoccerworldcups.com/world_cups/1998_final_standings.php,Final standings (all teams),adidas,Adidas,adidas,True,False,False,False,True,True,quarter-finals
1998,Q183,Germany,7,Quarter-finals,https://www.thesoccerworldcups.com/world_cups/1998_final_standings.php,Final standings (all teams),adidas,Adidas,adidas,True,False,False,False,True,True,quarter-finals
1998,Q35,Denmark,8,Quarter-finals,https://www.thesoccerworldcups.com/world_cups/1998_final_standings.php,Final standings (all teams),hummel,Hummel,hummel,True,False,False,False,True,True,quarter-finals
1998,Q21,England,9,Round of 16,https://www.thesoccerworldcups.com/world_cups/1998_final_standings.php,Final standings (all teams),umbro,Umbro,umbro,True,False,False,False,False,True,round of 16
1998,Q127885,FR Yugoslavia,10,Round of 16,https://www.thesoccerworldcups.com/world_cups/1998_final_standings.php,Team listed as FR Yugoslavia,adidas,Adidas,adidas,True,False,False,False,False,True,round of 16
1998,Q218,Romania,11,Round of 16,https://www.thesoccerworldcups.com/world_cups/1998_final_standings.php,Final standings (all teams),adidas,Adidas,adidas,True,False,False,False,False,True,round of 16
1998,Q1033,Nigeria,12,Round of 16,https://www.thesoccerworldcups.com/world_cups/1998_final_standings.php,Final standings (all teams),nike,Nike,nike,True,False,False,False,False,True,round of 16
1998,Q96,Mexico,13,Round of 16,https://www.thesoccerworldcups.com/world_cups/1998_final_standings.php,Final standings (all teams),aba sport,ABA Sport,aba sport,True,False,False,False,False,True,round of 16
1998,Q733,Paraguay,14,Round of 16,https://www.thesoccerworldcups.com/world_cups/1998_final_standings.php,Final standings (all teams),reebok,Reebok,reebok,True,False,False,False,False,True,round of 16
1998,Q20,Norway,15,Round of 16,https://www.thesoccerworldcups.com/world_cups/1998_final_standings.php,Final standings (all teams),umbro,Umbro,umbro,True,False,False,False,False,True,round of 16
1998,Q298,Chile,16,Round of 16,https://www.thesoccerworldcups.com/world_cups/1998_final_standings.php,Final standings (all teams),reebok,Reebok,reebok,True,False,False,False,False,True,round of 16
1998,Q29,Spain,17,Group stage,https://www.thesoccerworldcups.com/world_cups/1998_final_standings.php,Final standings (all teams),adidas,Adidas,adidas,True,False,False,False,False,False,group stage
1998,Q1028,Morocco,18,Group stage,https://www.thesoccerworldcups.com/world_cups/1998_final_standings.php,Final standings (all teams),puma,Puma,puma,True,False,False,False,False,False,group stage
1998,Q31,Belgium,19,Group stage,https://www.thesoccerworldcups.com/world_cups/1998_final_standings.php,Final standings (all teams),diadora,Diadora,diadora,True,False,False,False,False,False,group stage
1998,Q794,Iran,20,Group stage,https://www.thesoccerworldcups.com/world_cups/1998_final_standings.php,Final standings (all teams),puma,Puma,puma,True,False,False,False,False,False,group stage
1998,Q739,Colombia,21,Group stage,https://www.thesoccerworldcups.com/world_cups/1998_final_standings.php,Final standings (all teams),reebok,Reebok,reebok,True,False,False,False,False,False,group stage
1998,Q169657,Jamaica,22,Group stage,https://www.thesoccerworldcups.com/world_cups/1998_final_standings.php,Final standings (all teams),kappa,Kappa,kappa,True,False,False,False,False,False,group stage
1998,Q40,Austria,23,Group stage,https://www.thesoccerworldcups.com/world_cups/1998_final_standings.php,Final standings (all teams),puma,Puma,puma,True,False,False,False,False,False,group stage
1998,Q258,South Africa,24,Group stage,https://www.thesoccerworldcups.com/world_cups/1998_final_standings.php,Final standings (all teams),kappa,Kappa,kappa,True,False,False,False,False,False,group stage
1998,Q970,Cameroon,25,Group stage,https://www.thesoccerworldcups.com/world_cups/1998_final_standings.php,Final standings (all teams),puma,Puma,puma,True,False,False,False,False,False,group stage
1998,Q948,Tunisia,26,Group stage,https://www.thesoccerworldcups.com/world_cups/1998_final_standings.php,Final standings (all teams),lotto,Lotto,lotto,True,False,False,False,False,False,group stage
1998,Q22,Scotland,27,Group stage,https://www.thesoccerworldcups.com/world_cups/1998_final_standings.php,Final standings (all teams),umbro,Umbro,umbro,True,False,False,False,False,False,group stage
1998,Q851,Saudi Arabia,28,Group stage,https://www.thesoccerworldcups.com/world_cups/1998_final_standings.php,Final standings (all teams),shamel,Shamel,shamel,True,False,False,False,False,False,group stage
1998,Q219,Bulgaria,29,Group stage,https://www.thesoccerworldcups.com/world_cups/1998_final_standings.php,Final standings (all teams),puma,Puma,puma,True,False,False,False,False,False,group stage
1998,Q884,Korea Republic,30,Group stage,https://www.thesoccerworldcups.com/world_cups/1998_final_standings.php,Final standings (all teams),nike,Nike,nike,True,False,False,False,False,False,group stage
1998,Q17,Japan,31,Group stage,https://www.thesoccerworldcups.com/world_cups/1998_final_standings.php,Final standings (all teams),asics,Asics,asics,True,False,False,False,False,False,group stage
1998,Q30,United States,32,Group stage,https://www.thesoccerworldcups.com/world_cups/1998_final_standings.php,Final standings (all teams),nike,Nike,nike,True,False,False,False,False,False,group stage
2002,Q155,Brazil,1,Final,https://www.aworldofsoccer.com/world_cups/world_cup_2002_stats.htm,Final standings (all teams),nike,Nike,nike,True,True,False,True,True,True,final
2002,Q183,Germany,2,Final,https://www.aworldofsoccer.com/world_cups/world_cup_2002_stats.htm,Final standings (all teams),adidas,Adidas,adidas,True,False,True,True,True,True,final
2002,Q43,Turkey,3,Third place match,https://www.aworldofsoccer.com/world_cups/world_cup_2002_stats.htm,Final standings (all teams),nike,Nike,nike,True,False,False,True,True,True,third place match
2002,Q884,Korea Republic,4,Third place match,https://www.aworldofsoccer.com/world_cups/world_cup_2002_stats.htm,Final standings (all teams),reebok,Reebok,reebok,True,False,False,True,True,True,third place match
2002,Q29,Spain,5,Quarter-finals,https://www.aworldofsoccer.com/world_cups/world_cup_2002_stats.htm,Final standings (all teams),adidas,Adidas,adidas,True,False,False,False,True,True,quarter-finals
2002,Q21,England,6,Quarter-finals,https://www.aworldofsoccer.com/world_cups/world_cup_2002_stats.htm,Final standings (all teams),umbro,Umbro,umbro,True,False,False,False,True,True,quarter-finals
2002,Q1049,Senegal,7,Quarter-finals,https://www.aworldofsoccer.com/world_cups/world_cup_2002_stats.htm,Final standings (all teams),le coq sportif,Le Coq Sportif,le coq sportif,True,False,False,False,True,True,quarter-finals
2002,Q30,United States,8,Quarter-finals,https://www.aworldofsoccer.com/world_cups/world_cup_2002_stats.htm,Final standings (all teams),nike,Nike,nike,True,False,False,False,True,True,quarter-finals
2002,Q17,Japan,9,Round of 16,https://www.aworldofsoccer.com/world_cups/world_cup_2002_stats.htm,Final standings (all teams),adidas,Adidas,adidas,True,False,False,False,False,True,round of 16
2002,Q35,Denmark,10,Round of 16,https://www.aworldofsoccer.com/world_cups/world_cup_2002_stats.htm,Final standings (all teams),hummel,Hummel,hummel,True,False,False,False,False,True,round of 16
2002,Q96,Mexico,11,Round of 16,https://www.aworldofsoccer.com/world_cups/world_cup_2002_stats.htm,Final standings (all teams),umbro,Umbro,umbro,True,False,False,False,False,True,round of 16
2002,Q27,Republic of Ireland,12,Round of 16,https://www.aworldofsoccer.com/world_cups/world_cup_2002_stats.htm,Final standings (all teams),umbro,Umbro,umbro,True,False,False,False,False,True,round of 16
2002,Q34,Sweden,13,Round of 16,https://www.aworldofsoccer.com/world_cups/world_cup_2002_stats.htm,Final standings (all teams),umbro,Umbro,umbro,True,False,False,False,False,True,round of 16
2002,Q31,Belgium,14,Round of 16,https://www.aworldofsoccer.com/world_cups/world_cup_2002_stats.htm,Final standings (all teams),nike,Nike,nike,True,False,False,False,False,True,round of 16
2002,Q38,Italy,15,Round of 16,https://www.aworldofsoccer.com/world_cups/world_cup_2002_stats.htm,Final standings (all teams),kappa,Kappa,kappa,True,False,False,False,False,True,round of 16
2002,Q733,Paraguay,16,Round of 16,https://www.aworldofsoccer.com/world_cups/world_cup_2002_stats.htm,Final standings (all teams),puma,Puma,puma,True,False,False,False,False,True,round of 16
2002,Q258,South Africa,17,Group stage,https://www.thesoccerworldcups.com/world_cups/2002_final_standings.php,Final standings (all teams),adidas,Adidas,adidas,True,False,False,False,False,False,group stage
2002,Q414,Argentina,18,Group stage,https://www.thesoccerworldcups.com/world_cups/2002_final_standings.php,Final standings (all teams),,,,False,False,False,False,False,False,group stage
2002,Q800,Costa Rica,19,Group stage,https://www.thesoccerworldcups.com/world_cups/2002_final_standings.php,Final standings (all teams),joma,Joma,joma,True,False,False,False,False,False,group stage
2002,Q970,Cameroon,20,Group stage,https://www.thesoccerworldcups.com/world_cups/2002_final_standings.php,Final standings (all teams),puma,Puma,puma,True,False,False,False,False,False,group stage
2002,Q5140,Portugal,21,Group stage,https://www.thesoccerworldcups.com/world_cups/2002_final_standings.php,Final standings (all teams),nike,Nike,nike,True,False,False,False,False,False,group stage
2002,Q159,Russia,22,Group stage,https://www.thesoccerworldcups.com/world_cups/2002_final_standings.php,Final standings (all teams),adidas,Adidas,adidas,True,False,False,False,False,False,group stage
2002,Q223,Croatia,23,Group stage,https://www.thesoccerworldcups.com/world_cups/2002_final_standings.php,Final standings (all teams),nike,Nike,nike,True,False,False,False,False,False,group stage
2002,Q736,Ecuador,24,Group stage,https://www.thesoccerworldcups.com/world_cups/2002_final_standings.php,Final standings (all teams),atlética,Atlética,atlética,True,False,False,False,False,False,group stage
2002,Q36,Poland,25,Group stage,https://www.thesoccerworldcups.com/world_cups/2002_final_standings.php,Final standings (all teams),nike,Nike,nike,True,False,False,False,False,False,group stage
2002,Q13393,Uruguay,26,Group stage,https://www.thesoccerworldcups.com/world_cups/2002_final_standings.php,Final standings (all teams),l-sporto,L-Sporto,l-sporto,True,False,False,False,False,False,group stage
2002,Q1033,Nigeria,27,Group stage,https://www.thesoccerworldcups.com/world_cups/2002_final_standings.php,Final standings (all teams),nike,Nike,nike,True,False,False,False,False,False,group stage
2002,Q142,France,28,Group stage,https://www.thesoccerworldcups.com/world_cups/2002_final_standings.php,Final standings (all teams),adidas,Adidas,adidas,True,False,False,False,False,False,group stage
2002,Q948,Tunisia,29,Group stage,https://www.thesoccerworldcups.com/world_cups/2002_final_standings.php,Final standings (all teams),le coq sportif,Le Coq Sportif,le coq sportif,True,False,False,False,False,False,group stage
2002,Q215,Slovenia,30,Group stage,https://www.thesoccerworldcups.com/world_cups/2002_final_standings.php,Final standings (all teams),uhlsport,Uhlsport,uhlsport,True,False,False,False,False,False,group stage
2002,Q148,China,31,Group stage,https://www.thesoccerworldcups.com/world_cups/2002_final_standings.php,Final standings (all teams),umbro,Umbro,umbro,True,False,False,False,False,False,group stage
2002,Q851,Saudi Arabia,32,Group stage,https://www.thesoccerworldcups.com/world_cups/2002_final_standings.php,Final standings (all teams),nike,Nike,nike,True,False,False,False,False,False,group stage
2006,Q38,Italy,1,Final,https://www.thesoccerworldcups.com/world_cups/2006_final_standings.php,Final standings (all teams),puma,Puma,puma,True,True,False,True,True,True,final
2006,Q142,France,2,Final,https://www.thesoccerworldcups.com/world_cups/2006_final_standings.php,Final standings (all teams),nike,Nike,nike,True,False,True,True,True,True,final
2006,Q183,Germany,3,Third place match,https://www.thesoccerworldcups.com/world_cups/2006_final_standings.php,Final standings (all teams),adidas,Adidas,adidas,True,False,False,True,True,True,third place match
2006,Q5140,Portugal,4,Third place match,https://www.thesoccerworldcups.com/world_cups/2006_final_standings.php,Final standings (all teams),nike,Nike,nike,True,False,False,True,True,True,third place match
2006,Q155,Brazil,5,Quarter-finals,https://www.thesoccerworldcups.com/world_cups/2006_final_standings.php,Final standings (all teams),nike,Nike,nike,True,False,False,False,True,True,quarter-finals
2006,Q414,Argentina,6,Quarter-finals,https://www.thesoccerworldcups.com/world_cups/2006_final_standings.php,Final standings (all teams),adidas,Adidas,adidas,True,False,False,False,True,True,quarter-finals
2006,Q21,England,7,Quarter-finals,https://www.thesoccerworldcups.com/world_cups/2006_final_standings.php,Final standings (all teams),umbro,Umbro,umbro,True,False,False,False,True,True,quarter-finals
2006,Q212,Ukraine,8,Quarter-finals,https://www.thesoccerworldcups.com/world_cups/2006_final_standings.php,Final standings (all teams),lotto,Lotto,lotto,True,False,False,False,True,True,quarter-finals
2006,Q29,Spain,9,Round of 16,https://www.thesoccerworldcups.com/world_cups/2006_final_standings.php,Final standings (all teams),adidas,Adidas,adidas,True,False,False,False,False,True,round of 16
2006,Q39,Switzerland,10,Round of 16,https://www.thesoccerworldcups.com/world_cups/2006_final_standings.php,Final standings (all teams),puma,Puma,puma,True,False,False,False,False,True,round of 16
2006,Q55,Netherlands,11,Round of 16,https://www.thesoccerworldcups.com/world_cups/2006_final_standings.php,Final standings (all teams),nike,Nike,nike,True,False,False,False,False,True,round of 16
2006,Q736,Ecuador,12,Round of 16,https://www.thesoccerworldcups.com/world_cups/2006_final_standings.php,Final standings (all teams),marathon sports,Marathon Sports,marathon sports,True,False,False,False,False,True,round of 16
2006,Q117,Ghana,13,Round of 16,https://www.thesoccerworldcups.com/world_cups/2006_final_standings.php,Final standings (all teams),puma,Puma,puma,True,False,False,False,False,True,round of 16
2006,Q34,Sweden,14,Round of 16,https://www.thesoccerworldcups.com/world_cups/2006_final_standings.php,Final standings (all teams),adidas,Adidas,adidas,True,False,False,False,False,True,round of 16
2006,Q96,Mexico,15,Round of 16,https://www.thesoccerworldcups.com/world_cups/2006_final_standings.php,Final standings (all teams),nike,Nike,nike,True,False,False,False,False,True,round of 16
2006,Q408,Australia,16,Round of 16,https://www.thesoccerworldcups.com/world_cups/2006_final_standings.php,Final standings (all teams),nike,Nike,nike,True,False,False,False,False,True,round of 16
2006,Q884,Korea Republic,17,Group stage,https://www.thesoccerworldcups.com/world_cups/2006_final_standings.php,Final standings (all teams),nike,Nike,nike,True,False,False,False,False,False,group stage
2006,Q733,Paraguay,18,Group stage,https://www.thesoccerworldcups.com/world_cups/2006_final_standings.php,Final standings (all teams),puma,Puma,puma,True,False,False,False,False,False,group stage
2006,Q1008,Ivory Coast,19,Group stage,https://www.thesoccerworldcups.com/world_cups/2006_final_standings.php,Final standings (all teams),puma,Puma,puma,True,False,False,False,False,False,group stage
2006,Q33946,Czech Republic,20,Group stage,https://www.thesoccerworldcups.com/world_cups/2006_final_standings.php,Final standings (all teams),puma,Puma,puma,True,False,False,False,False,False,group stage
2006,Q36,Poland,21,Group stage,https://www.thesoccerworldcups.com/world_cups/2006_final_standings.php,Final standings (all teams),puma,Puma,puma,True,False,False,False,False,False,group stage
2006,Q223,Croatia,22,Group stage,https://www.thesoccerworldcups.com/world_cups/2006_final_standings.php,Final standings (all teams),nike,Nike,nike,True,False,False,False,False,False,group stage
2006,Q916,Angola,23,Group stage,https://www.thesoccerworldcups.com/world_cups/2006_final_standings.php,Final standings (all teams),puma,Puma,puma,True,False,False,False,False,False,group stage
2006,Q948,Tunisia,24,Group stage,https://www.thesoccerworldcups.com/world_cups/2006_final_standings.php,Final standings (all teams),puma,Puma,puma,True,False,False,False,False,False,group stage
2006,Q30,United States,25,Group stage,https://www.thesoccerworldcups.com/world_cups/2006_final_standings.php,Final standings (all teams),nike,Nike,nike,True,False,False,False,False,False,group stage
2006,Q794,Iran,26,Group stage,https://www.thesoccerworldcups.com/world_cups/2006_final_standings.php,Final standings (all teams),puma,Puma,puma,True,False,False,False,False,False,group stage
2006,Q754,Trinidad and Tobago,27,Group stage,https://www.thesoccerworldcups.com/world_cups/2006_final_standings.php,Final standings (all teams),umbro,Umbro,umbro,True,False,False,False,False,False,group stage
2006,Q851,Saudi Arabia,28,Group stage,https://www.thesoccerworldcups.com/world_cups/2006_final_standings.php,Final standings (all teams),puma,Puma,puma,True,False,False,False,False,False,group stage
2006,Q17,Japan,29,Group stage,https://www.thesoccerworldcups.com/world_cups/2006_final_standings.php,Final standings (all teams),adidas,Adidas,adidas,True,False,False,False,False,False,group stage
2006,Q945,Togo,30,Group stage,https://www.thesoccerworldcups.com/world_cups/2006_final_standings.php,Final standings (all teams),puma,Puma,puma,True,False,False,False,False,False,group stage
2006,Q800,Costa Rica,31,Group stage,https://www.thesoccerworldcups.com/world_cups/2006_final_standings.php,Final standings (all teams),joma,Joma,joma,True,False,False,False,False,False,group stage
2006,Q37024,Serbia and Montenegro,32,Group stage,https://www.thesoccerworldcups.com/world_cups/2006_final_standings.php,Historical team (Serbia and Montenegro),lotto,Lotto,lotto,True,False,False,False,False,False,group stage
2010,Q29,Spain,1,Final,https://www.thesoccerworldcups.com/world_cups/2010_final_standings.php,Final standings (all teams),adidas,Adidas,adidas,True,True,False,True,True,True,final
2010,Q55,Netherlands,2,Final,https://www.thesoccerworldcups.com/world_cups/2010_final_standings.php,Final standings (all teams),nike,Nike,nike,True,False,True,True,True,True,final
2010,Q183,Germany,3,Third place match,https://www.thesoccerworldcups.com/world_cups/2010_final_standings.php,Final standings (all teams),adidas,Adidas,adidas,True,False,False,True,True,True,third place match
2010,Q13393,Uruguay,4,Third place match,https://www.thesoccerworldcups.com/world_cups/2010_final_standings.php,Final standings (all teams),puma,Puma,puma,True,False,False,True,True,True,third place match
2010,Q414,Argentina,5,Quarter-finals,https://www.thesoccerworldcups.com/world_cups/2010_final_standings.php,Final standings (all teams),adidas,Adidas,adidas,True,False,False,False,True,True,quarter-finals
2010,Q155,Brazil,6,Quarter-finals,https://www.thesoccerworldcups.com/world_cups/2010_final_standings.php,Final standings (all teams),nike,Nike,nike,True,False,False,False,True,True,quarter-finals
2010,Q117,Ghana,7,Quarter-finals,https://www.thesoccerworldcups.com/world_cups/2010_final_standings.php,Final standings (all teams),puma,Puma,puma,True,False,False,False,True,True,quarter-finals
2010,Q733,Paraguay,8,Quarter-finals,https://www.thesoccerworldcups.com/world_cups/2010_final_standings.php,Final standings (all teams),adidas,Adidas,adidas,True,False,False,False,True,True,quarter-finals
2010,Q17,Japan,9,Round of 16,https://www.thesoccerworldcups.com/world_cups/2010_final_standings.php,Final standings (all teams),adidas,Adidas,adidas,True,False,False,False,False,True,round of 16
2010,Q298,Chile,10,Round of 16,https://www.thesoccerworldcups.com/world_cups/2010_final_standings.php,Final standings (all teams),brooks,Brooks,brooks,True,False,False,False,False,True,round of 16
2010,Q5140,Portugal,11,Round of 16,https://www.thesoccerworldcups.com/world_cups/2010_final_standings.php,Final standings (all teams),nike,Nike,nike,True,False,False,False,False,True,round of 16
2010,Q30,United States,12,Round of 16,https://www.thesoccerworldcups.com/world_cups/2010_final_standings.php,Final standings (all teams),nike,Nike,nike,True,False,False,False,False,True,round of 16
2010,Q21,England,13,Round of 16,https://www.thesoccerworldcups.com/world_cups/2010_final_standings.php,Final standings (all teams),umbro,Umbro,umbro,True,False,False,False,False,True,round of 16
2010,Q96,Mexico,14,Round of 16,https://www.thesoccerworldcups.com/world_cups/2010_final_standings.php,Final standings (all teams),adidas,Adidas,adidas,True,False,False,False,False,True,round of 16
2010,Q884,Korea Republic,15,Round of 16,https://www.thesoccerworldcups.com/world_cups/2010_final_standings.php,Final standings (all teams),nike,Nike,nike,True,False,False,False,False,True,round of 16
2010,Q214,Slovakia,16,Round of 16,https://www.thesoccerworldcups.com/world_cups/2010_final_standings.php,Final standings (all teams),adidas,Adidas,adidas,True,False,False,False,False,True,round of 16
2010,Q1008,Ivory Coast,17,Group stage,https://www.thesoccerworldcups.com/world_cups/2010_final_standings.php,Final standings (all teams),puma,Puma,puma,True,False,False,False,False,False,group stage
2010,Q215,Slovenia,18,Group stage,https://www.thesoccerworldcups.com/world_cups/2010_final_standings.php,Final standings (all teams),nike,Nike,nike,True,False,False,False,False,False,group stage
2010,Q39,Switzerland,19,Group stage,https://www.thesoccerworldcups.com/world_cups/2010_final_standings.php,Final standings (all teams),puma,Puma,puma,True,False,False,False,False,False,group stage
2010,Q258,South Africa,20,Group stage,https://www.thesoccerworldcups.com/world_cups/2010_final_standings.php,Final standings (all teams),adidas,Adidas,adidas,True,False,False,False,False,False,group stage
2010,Q408,Australia,21,Group stage,https://www.thesoccerworldcups.com/world_cups/2010_final_standings.php,Final standings (all teams),nike,Nike,nike,True,False,False,False,False,False,group stage
2010,Q664,New Zealand,22,Group stage,https://www.thesoccerworldcups.com/world_cups/2010_final_standings.php,Final standings (all teams),nike,Nike,nike,True,False,False,False,False,False,group stage
2010,Q403,Serbia,23,Group stage,https://www.thesoccerworldcups.com/world_cups/2010_final_standings.php,Final standings (all teams),nike,Nike,nike,True,False,False,False,False,False,group stage
2010,Q35,Denmark,24,Group stage,https://www.thesoccerworldcups.com/world_cups/2010_final_standings.php,Final standings (all teams),adidas,Adidas,adidas,True,False,False,False,False,False,group stage
2010,Q41,Greece,25,Group stage,https://www.thesoccerworldcups.com/world_cups/2010_final_standings.php,Final standings (all teams),adidas,Adidas,adidas,True,False,False,False,False,False,group stage
2010,Q38,Italy,26,Group stage,https://www.thesoccerworldcups.com/world_cups/2010_final_standings.php,Final standings (all teams),puma,Puma,puma,True,False,False,False,False,False,group stage
2010,Q1033,Nigeria,27,Group stage,https://www.thesoccerworldcups.com/world_cups/2010_final_standings.php,Final standings (all teams),adidas,Adidas,adidas,True,False,False,False,False,False,group stage
2010,Q262,Algeria,28,Group stage,https://www.thesoccerworldcups.com/world_cups/2010_final_standings.php,Final standings (all teams),,,,False,False,False,False,False,False,group stage
2010,Q142,France,29,Group stage,https://www.thesoccerworldcups.com/world_cups/2010_final_standings.php,Final standings (all teams),adidas,Adidas,adidas,True,False,False,False,False,False,group stage
2010,Q783,Honduras,30,Group stage,https://www.thesoccerworldcups.com/world_cups/2010_final_standings.php,Final standings (all teams),joma,Joma,joma,True,False,False,False,False,False,group stage
2010,Q970,Cameroon,31,Group stage,https://www.thesoccerworldcups.com/world_cups/2010_final_standings.php,Final standings (all teams),puma,Puma,puma,True,False,False,False,False,False,group stage
2010,Q423,North Korea,32,Group stage,https://www.thesoccerworldcups.com/world_cups/2010_final_standings.php,Final standings (all teams),legea,Legea,legea,True,False,False,False,False,False,group stage
2014,Q183,Germany,1,Final,https://www.thesoccerworldcups.com/world_cups/2014_final_standings.php,Final standings (all teams),adidas,Adidas,adidas,True,True,False,True,True,True,final
2014,Q414,Argentina,2,Final,https://www.thesoccerworldcups.com/world_cups/2014_final_standings.php,Final standings (all teams),adidas,Adidas,adidas,True,False,True,True,True,True,final
2014,Q55,Netherlands,3,Third place match,https://www.thesoccerworldcups.com/world_cups/2014_final_standings.php,Final standings (all teams),nike,Nike,nike,True,False,False,True,True,True,third place match
2014,Q155,Brazil,4,Third place match,https://www.thesoccerworldcups.com/world_cups/2014_final_standings.php,Final standings (all teams),nike,Nike,nike,True,False,False,True,True,True,third place match
2014,Q739,Colombia,5,Quarter-finals,https://www.thesoccerworldcups.com/world_cups/2014_final_standings.php,Final standings (all teams),adidas,Adidas,adidas,True,False,False,False,True,True,quarter-finals
2014,Q31,Belgium,6,Quarter-finals,https://www.thesoccerworldcups.com/world_cups/2014_final_standings.php,Final standings (all teams),burrda sports,Burrda Sports,burrda sports,True,False,False,False,True,True,quarter-finals
2014,Q142,France,7,Quarter-finals,https://www.thesoccerworldcups.com/world_cups/2014_final_standings.php,Final standings (all teams),nike,Nike,nike,True,False,False,False,True,True,quarter-finals
2014,Q800,Costa Rica,8,Quarter-finals,https://www.thesoccerworldcups.com/world_cups/2014_final_standings.php,Final standings (all teams),lotto,Lotto,lotto,True,False,False,False,True,True,quarter-finals
2014,Q298,Chile,9,Round of 16,https://www.thesoccerworldcups.com/world_cups/2014_final_standings.php,Final standings (all teams),puma,Puma,puma,True,False,False,False,False,True,round of 16
2014,Q96,Mexico,10,Round of 16,https://www.thesoccerworldcups.com/world_cups/2014_final_standings.php,Final standings (all teams),adidas,Adidas,adidas,True,False,False,False,False,True,round of 16
2014,Q39,Switzerland,11,Round of 16,https://www.thesoccerworldcups.com/world_cups/2014_final_standings.php,Final standings (all teams),puma,Puma,puma,True,False,False,False,False,True,round of 16
2014,Q13393,Uruguay,12,Round of 16,https://www.thesoccerworldcups.com/world_cups/2014_final_standings.php,Final standings (all teams),puma,Puma,puma,True,False,False,False,False,True,round of 16
2014,Q41,Greece,13,Round of 16,https://www.thesoccerworldcups.com/world_cups/2014_final_standings.php,Final standings (all teams),nike,Nike,nike,True,False,False,False,False,True,round of 16
2014,Q262,Algeria,14,Round of 16,https://www.thesoccerworldcups.com/world_cups/2014_final_standings.php,Final standings (all teams),,,,False,False,False,False,False,True,round of 16
2014,Q30,United States,15,Round of 16,https://www.thesoccerworldcups.com/world_cups/2014_final_standings.php,Final standings (all teams),nike,Nike,nike,True,False,False,False,False,True,round of 16
2014,Q1033,Nigeria,16,Round of 16,https://www.thesoccerworldcups.com/world_cups/2014_final_standings.php,Final standings (all teams),adidas,Adidas,adidas,True,False,False,False,False,True,round of 16
2014,Q736,Ecuador,17,Group stage,https://www.thesoccerworldcups.com/world_cups/2014_final_standings.php,Final standings (all teams),marathon sports,Marathon Sports,marathon sports,True,False,False,False,False,False,group stage
2014,Q5140,Portugal,18,Group stage,https://www.thesoccerworldcups.com/world_cups/2014_final_standings.php,Final standings (all teams),nike,Nike,nike,True,False,False,False,False,False,group stage
2014,Q223,Croatia,19,Group stage,https://www.thesoccerworldcups.com/world_cups/2014_final_standings.php,Final standings (all teams),nike,Nike,nike,True,False,False,False,False,False,group stage
2014,Q225,Bosnia and Herzegovina,20,Group stage,https://www.thesoccerworldcups.com/world_cups/2014_final_standings.php,Final standings (all teams),adidas,Adidas,adidas,True,False,False,False,False,False,group stage
2014,Q1008,Ivory Coast,21,Group stage,https://www.thesoccerworldcups.com/world_cups/2014_final_standings.php,Final standings (all teams),puma,Puma,puma,True,False,False,False,False,False,group stage
2014,Q38,Italy,22,Group stage,https://www.thesoccerworldcups.com/world_cups/2014_final_standings.php,Final standings (all teams),puma,Puma,puma,True,False,False,False,False,False,group stage
2014,Q29,Spain,23,Group stage,https://www.thesoccerworldcups.com/world_cups/2014_final_standings.php,Final standings (all teams),adidas,Adidas,adidas,True,False,False,False,False,False,group stage
2014,Q159,Russia,24,Group stage,https://www.thesoccerworldcups.com/world_cups/2014_final_standings.php,Final standings (all teams),adidas,Adidas,adidas,True,False,False,False,False,False,group stage
2014,Q117,Ghana,25,Group stage,https://www.thesoccerworldcups.com/world_cups/2014_final_standings.php,Final standings (all teams),puma,Puma,puma,True,False,False,False,False,False,group stage
2014,Q21,England,26,Group stage,https://www.thesoccerworldcups.com/world_cups/2014_final_standings.php,Final standings (all teams),nike,Nike,nike,True,False,False,False,False,False,group stage
2014,Q884,Korea Republic,27,Group stage,https://www.thesoccerworldcups.com/world_cups/2014_final_standings.php,Final standings (all teams),nike,Nike,nike,True,False,False,False,False,False,group stage
2014,Q794,Iran,28,Group stage,https://www.thesoccerworldcups.com/world_cups/2014_final_standings.php,Final standings (all teams),uhlsport,Uhlsport,uhlsport,True,False,False,False,False,False,group stage
2014,Q17,Japan,29,Group stage,https://www.thesoccerworldcups.com/world_cups/2014_final_standings.php,Final standings (all teams),adidas,Adidas,adidas,True,False,False,False,False,False,group stage
2014,Q408,Australia,30,Group stage,https://www.thesoccerworldcups.com/world_cups/2014_final_standings.php,Final standings (all teams),nike,Nike,nike,True,False,False,False,False,False,group stage
2014,Q783,Honduras,31,Group stage,https://www.thesoccerworldcups.com/world_cups/2014_final_standings.php,Final standings (all teams),joma,Joma,joma,True,False,False,False,False,False,group stage
2014,Q970,Cameroon,32,Group stage,https://www.thesoccerworldcups.com/world_cups/2014_final_standings.php,Final standings (all teams),puma,Puma,puma,True,False,False,False,False,False,group stage
2018,Q142,France,1,Final,https://www.thesoccerworldcups.com/world_cups/2018_final_standings.php,Final standings (all teams),nike,Nike,nike,True,True,False,True,True,True,final
2018,Q223,Croatia,2,Final,https://www.thesoccerworldcups.com/world_cups/2018_final_standings.php,Final standings (all teams),nike,Nike,nike,True,False,True,True,True,True,final
2018,Q31,Belgium,3,Third place match,https://www.thesoccerworldcups.com/world_cups/2018_final_standings.php,Final standings (all teams),adidas,Adidas,adidas,True,False,False,True,True,True,third place match
2018,Q21,England,4,Third place match,https://www.thesoccerworldcups.com/world_cups/2018_final_standings.php,Final standings (all teams),nike,Nike,nike,True,False,False,True,True,True,third place match
2018,Q13393,Uruguay,5,Quarter-finals,https://www.thesoccerworldcups.com/world_cups/2018_final_standings.php,Final standings (all teams),puma,Puma,puma,True,False,False,False,True,True,quarter-finals
2018,Q155,Brazil,6,Quarter-finals,https://www.thesoccerworldcups.com/world_cups/2018_final_standings.php,Final standings (all teams),nike,Nike,nike,True,False,False,False,True,True,quarter-finals
2018,Q34,Sweden,7,Quarter-finals,https://www.thesoccerworldcups.com/world_cups/2018_final_standings.php,Final standings (all teams),adidas,Adidas,adidas,True,False,False,False,True,True,quarter-finals
2018,Q159,Russia,8,Quarter-finals,https://www.thesoccerworldcups.com/world_cups/2018_final_standings.php,Final standings (all teams),adidas,Adidas,adidas,True,False,False,False,True,True,quarter-finals
2018,Q739,Colombia,9,Round of 16,https://www.thesoccerworldcups.com/world_cups/2018_final_standings.php,Final standings (all teams),adidas,Adidas,adidas,True,False,False,False,False,True,round of 16
2018,Q29,Spain,10,Round of 16,https://www.thesoccerworldcups.com/world_cups/2018_final_standings.php,Final standings (all teams),adidas,Adidas,adidas,True,False,False,False,False,True,round of 16
2018,Q35,Denmark,11,Round of 16,https://www.thesoccerworldcups.com/world_cups/2018_final_standings.php,Final standings (all teams),hummel,Hummel,hummel,True,False,False,False,False,True,round of 16
2018,Q96,Mexico,12,Round of 16,https://www.thesoccerworldcups.com/world_cups/2018_final_standings.php,Final standings (all teams),adidas,Adidas,adidas,True,False,False,False,False,True,round of 16
2018,Q5140,Portugal,13,Round of 16,https://www.thesoccerworldcups.com/world_cups/2018_final_standings.php,Final standings (all teams),nike,Nike,nike,True,False,False,False,False,True,round of 16
2018,Q39,Switzerland,14,Round of 16,https://www.thesoccerworldcups.com/world_cups/2018_final_standings.php,Final standings (all teams),puma,Puma,puma,True,False,False,False,False,True,round of 16
2018,Q17,Japan,15,Round of 16,https://www.thesoccerworldcups.com/world_cups/2018_final_standings.php,Final standings (all teams),adidas,Adidas,adidas,True,False,False,False,False,True,round of 16
2018,Q414,Argentina,16,Round of 16,https://www.thesoccerworldcups.com/world_cups/2018_final_standings.php,Final standings (all teams),adidas,Adidas,adidas,True,False,False,False,False,True,round of 16
2018,Q1049,Senegal,17,Group stage,https://www.thesoccerworldcups.com/world_cups/2018_final_standings.php,Final standings (all teams),puma,Puma,puma,True,False,False,False,False,False,group stage
2018,Q794,Iran,18,Group stage,https://www.thesoccerworldcups.com/world_cups/2018_final_standings.php,Final standings (all teams),adidas,Adidas,adidas,True,False,False,False,False,False,group stage
2018,Q884,Korea Republic,19,Group stage,https://www.thesoccerworldcups.com/world_cups/2018_final_standings.php,Final standings (all teams),nike,Nike,nike,True,False,False,False,False,False,group stage
2018,Q419,Peru,20,Group stage,https://www.thesoccerworldcups.com/world_cups/2018_final_standings.php,Final standings (all teams),umbro,Umbro,umbro,True,False,False,False,False,False,group stage
2018,Q1033,Nigeria,21,Group stage,https://www.thesoccerworldcups.com/world_cups/2018_final_standings.php,Final standings (all teams),nike,Nike,nike,True,False,False,False,False,False,group stage
2018,Q183,Germany,22,Group stage,https://www.thesoccerworldcups.com/world_cups/2018_final_standings.php,Final standings (all teams),adidas,Adidas,adidas,True,False,False,False,False,False,group stage
2018,Q403,Serbia,23,Group stage,https://www.thesoccerworldcups.com/world_cups/2018_final_standings.php,Final standings (all teams),puma,Puma,puma,True,False,False,False,False,False,group stage
2018,Q948,Tunisia,24,Group stage,https://www.thesoccerworldcups.com/world_cups/2018_final_standings.php,Final standings (all teams),uhlsport,Uhlsport,uhlsport,True,False,False,False,False,False,group stage
2018,Q36,Poland,25,Group stage,https://www.thesoccerworldcups.com/world_cups/2018_final_standings.php,Final standings (all teams),nike,Nike,nike,True,False,False,False,False,False,group stage
2018,Q851,Saudi Arabia,26,Group stage,https://www.thesoccerworldcups.com/world_cups/2018_final_standings.php,Final standings (all teams),nike,Nike,nike,True,False,False,False,False,False,group stage
2018,Q1028,Morocco,27,Group stage,https://www.thesoccerworldcups.com/world_cups/2018_final_standings.php,Final standings (all teams),adidas,Adidas,adidas,True,False,False,False,False,False,group stage
2018,Q189094,Iceland,28,Group stage,https://www.thesoccerworldcups.com/world_cups/2018_final_standings.php,Final standings (all teams),erreà,Erreà,erreà,True,False,False,False,False,False,group stage
2018,Q800,Costa Rica,29,Group stage,https://www.thesoccerworldcups.com/world_cups/2018_final_standings.php,Final standings (all teams),new balance,New Balance,new balance,True,False,False,False,False,False,group stage
2018,Q408,Australia,30,Group stage,https://www.thesoccerworldcups.com/world_cups/2018_final_standings.php,Final standings (all teams),nike,Nike,nike,True,False,False,False,False,False,group stage
2018,Q79,Egypt,31,Group stage,https://www.thesoccerworldcups.com/world_cups/2018_final_standings.php,Final standings (all teams),adidas,Adidas,adidas,True,False,False,False,False,False,group stage
2018,Q804,Panama,32,Group stage,https://www.thesoccerworldcups.com/world_cups/2018_final_standings.php,Final standings (all teams),new balance,New Balance,new balance,True,False,False,False,False,False,group stage
2022,Q414,Argentina,1,Final,https://www.thesoccerworldcups.com/world_cups/2022_final_standings.php,Final standings (all teams),adidas,Adidas,adidas,True,True,False,True,True,True,final
2022,Q142,France,2,Final,https://www.thesoccerworldcups.com/world_cups/2022_final_standings.php,Final standings (all teams),nike,Nike,nike,True,False,True,True,True,True,final
2022,Q223,Croatia,3,Third place match,https://www.thesoccerworldcups.com/world_cups/2022_final_standings.php,Final standings (all teams),nike,Nike,nike,True,False,False,True,True,True,third place match
2022,Q1028,Morocco,4,Third place match,https://www.thesoccerworldcups.com/world_cups/2022_final_standings.php,Final standings (all teams),puma,Puma,puma,True,False,False,True,True,True,third place match
2022,Q55,Netherlands,5,Quarter-finals,https://www.thesoccerworldcups.com/world_cups/2022_final_standings.php,Final standings (all teams),nike,Nike,nike,True,False,False,False,True,True,quarter-finals
2022,Q21,England,6,Quarter-finals,https://www.thesoccerworldcups.com/world_cups/2022_final_standings.php,Final standings (all teams),nike,Nike,nike,True,False,False,False,True,True,quarter-finals
2022,Q155,Brazil,7,Quarter-finals,https://www.thesoccerworldcups.com/world_cups/2022_final_standings.php,Final standings (all teams),nike,Nike,nike,True,False,False,False,True,True,quarter-finals
2022,Q5140,Portugal,8,Quarter-finals,https://www.thesoccerworldcups.com/world_cups/2022_final_standings.php,Final standings (all teams),nike,Nike,nike,True,False,False,False,True,True,quarter-finals
2022,Q17,Japan,9,Round of 16,https://www.thesoccerworldcups.com/world_cups/2022_final_standings.php,Final standings (all teams),adidas,Adidas,adidas,True,False,False,False,False,True,round of 16
2022,Q1049,Senegal,10,Round of 16,https://www.thesoccerworldcups.com/world_cups/2022_final_standings.php,Final standings (all teams),puma,Puma,puma,True,False,False,False,False,True,round of 16
2022,Q408,Australia,11,Round of 16,https://www.thesoccerworldcups.com/world_cups/2022_final_standings.php,Final standings (all teams),nike,Nike,nike,True,False,False,False,False,True,round of 16
2022,Q39,Switzerland,12,Round of 16,https://www.thesoccerworldcups.com/world_cups/2022_final_standings.php,Final standings (all teams),puma,Puma,puma,True,False,False,False,False,True,round of 16
2022,Q29,Spain,13,Round of 16,https://www.thesoccerworldcups.com/world_cups/2022_final_standings.php,Final standings (all teams),adidas,Adidas,adidas,True,False,False,False,False,True,round of 16
2022,Q30,United States,14,Round of 16,https://www.thesoccerworldcups.com/world_cups/2022_final_standings.php,Final standings (all teams),nike,Nike,nike,True,False,False,False,False,True,round of 16
2022,Q36,Poland,15,Round of 16,https://www.thesoccerworldcups.com/world_cups/2022_final_standings.php,Final standings (all teams),nike,Nike,nike,True,False,False,False,False,True,round of 16
2022,Q884,Korea Republic,16,Round of 16,https://www.thesoccerworldcups.com/world_cups/2022_final_standings.php,Final standings (all teams),nike,Nike,nike,True,False,False,False,False,True,round of 16
2022,Q183,Germany,17,Group stage,https://www.thesoccerworldcups.com/world_cups/2022_final_standings.php,Final standings (all teams),adidas,Adidas,adidas,True,False,False,False,False,False,group stage
2022,Q736,Ecuador,18,Group stage,https://www.thesoccerworldcups.com/world_cups/2022_final_standings.php,Final standings (all teams),marathon,Marathon,marathon,True,False,False,False,False,False,group stage
2022,Q970,Cameroon,19,Group stage,https://www.thesoccerworldcups.com/world_cups/2022_final_standings.php,Final standings (all teams),one all sports,One All Sports,one all sports,True,False,False,False,False,False,group stage
2022,Q13393,Uruguay,20,Group stage,https://www.thesoccerworldcups.com/world_cups/2022_final_standings.php,Final standings (all teams),puma,Puma,puma,True,False,False,False,False,False,group stage
2022,Q948,Tunisia,21,Group stage,https://www.thesoccerworldcups.com/world_cups/2022_final_standings.php,Final standings (all teams),kappa,Kappa,kappa,True,False,False,False,False,False,group stage
2022,Q96,Mexico,22,Group stage,https://www.thesoccerworldcups.com/world_cups/2022_final_standings.php,Final standings (all teams),adidas,Adidas,adidas,True,False,False,False,False,False,group stage
2022,Q31,Belgium,23,Group stage,https://www.thesoccerworldcups.com/world_cups/2022_final_standings.php,Final standings (all teams),adidas,Adidas,adidas,True,False,False,False,False,False,group stage
2022,Q117,Ghana,24,Group stage,https://www.thesoccerworldcups.com/world_cups/2022_final_standings.php,Final standings (all teams),puma,Puma,puma,True,False,False,False,False,False,group stage
2022,Q851,Saudi Arabia,25,Group stage,https://www.thesoccerworldcups.com/world_cups/2022_final_standings.php,Final standings (all teams),nike,Nike,nike,True,False,False,False,False,False,group stage
2022,Q794,Iran,26,Group stage,https://www.thesoccerworldcups.com/world_cups/2022_final_standings.php,Final standings (all teams),majid,Majid,majid,True,False,False,False,False,False,group stage
2022,Q800,Costa Rica,27,Group stage,https://www.thesoccerworldcups.com/world_cups/2022_final_standings.php,Final standings (all teams),new balance,New Balance,new balance,True,False,False,False,False,False,group stage
2022,Q35,Denmark,28,Group stage,https://www.thesoccerworldcups.com/world_cups/2022_final_standings.php,Final standings (all teams),hummel,Hummel,hummel,True,False,False,False,False,False,group stage
2022,Q403,Serbia,29,Group stage,https://www.thesoccerworldcups.com/world_cups/2022_final_standings.php,Final standings (all teams),puma,Puma,puma,True,False,False,False,False,False,group stage
2022,Q799,Wales,30,Group stage,https://www.thesoccerworldcups.com/world_cups/2022_final_standings.php,Final standings (all teams),adidas,Adidas,adidas,True,False,False,False,False,False,group stage
2022,Q241,Canada,31,Group stage,https://www.thesoccerworldcups.com/world_cups/2022_final_standings.php,Final standings (all teams),nike,Nike,nike,True,False,False,False,False,False,group stage
2022,Q846,Qatar,32,Group stage,https://www.thesoccerworldcups.com/world_cups/2022_final_standings.php,Host nation; final standings (all teams),nike,Nike,nike,True,False,False,False,False,False,group stage
